Model,Test Accuracy,CV Best Score
Logistic Regression,0.7777777777777778,0.6914285714285715
SVM,0.8333333333333334,0.7628571428571428
Decision Tree,0.6666666666666666,0.7904761904761906
KNN,0.7222222222222222,0.7504761904761905
